LD block,Lead SNP(s),Chromosome,Start (kb),End (kb),Length (kb),Start (LDU),End (LDU),Length (LDU),Total number of variants (GTEx),Number of high LD variants (GTEx),Total number of variants (BRAINEAC),Number of high LD variants (BRAINEAC),Number of cis-genes,Number of disease-eQTL cisgenes,Number of Mitochondrial cis-genes,eQTLs per (genes*variants) * 1000
1,rs114138760,chr1,154838.052,154900.724,62.672,2454.344,2454.344,0,0,0,9,0,110,0,0,0
2,rs35749011,chr1,155130.396,155151.755,21.359,2457.217,2457.384,0.167,266,1,17,0,108,2,1,18.51851852
3,rs76763715,chr1,155199.318,155213.13,13.812,2458.34,2458.34,0,157,1,2,0,110,0,0,0
4,rs6658353,chr1,161457.414,161476.945,19.531,2582.845,2582.845,0,263,3,4,0,74,2,0,9.009009009
5,rs11578699,chr1,171669.827,171725.827,56,2840.624,2840.624,0,838,10,21,9,23,6,1,13.72997712
6,rs823118 & rs11557080,chr1,205679.234,205738.296,59.062,3343.765,3343.765,0,832,11,23,3,50,16,1,22.85714286
7,rs4653767,chr1,226910.343,226920.734,10.391,3708.299,3708.474,0.175,160,4,2,1,37,2,0,10.81081081
8,rs10797576,chr1,232657.874,232665.171,7.297,3826.956,3826.956,0,112,4,1,0,17,0,0,0
9,rs76116224,chr2,18142.134,18160.925,18.791,553.659,554.575,0.916,282,1,6,0,10,0,0,0
10,rs2042477,chr2,95988.853,96015.743,26.89,1833.614,1833.614,0,365,17,1,1,44,1,1,1.262626263
11,rs11683001,chr2,102330.451,102436.123,105.672,1883.047,1883.047,0,1588,28,16,1,25,2,0,2.75862069
12,rs57891859,chr2,135451.299,135470.049,18.75,2429.911,2429.911,0,234,1,3,0,15,0,0,0
13,rs1474055,chr2,169100.649,169136.493,35.844,2846.042,2846.042,0,463,7,4,0,15,0,0,0
14,rs73038319,chr3,18351.416,18392.691,41.275,591.0578,591.0578,0,689,1,6,0,4,0,0,0
15,rs6808178,chr3,28704.607,28706.441,1.834,792.392,792.392,0,38,4,0,0,9,1,0,27.77777778
16,rs12497850,chr3,48724.812,48755.82,31.008,1113.356,1113.356,0,392,9,6,2,85,21,2,22.45989305
17,rs55961674,chr3,122195.591,122248.708,53.117,2179.637,2179.637,0,776,9,10,0,31,2,0,7.168458781
18,rs11707416,chr3,151106.74,151131.396,24.656,2676.178,2676.178,0,393,35,5,0,20,2,0,2.857142857
19,rs1450522,chr3,161043.142,161097.267,54.125,2796.172,2796.172,0,873,32,11,4,16,2,0,3.472222222
20,rs10513789,chr3,182730.298,182792.189,61.891,3182.916,3182.916,0,902,11,9,1,42,7,0,13.88888889
21,rs873786,chr4,888.937,933.659,44.722,9.972138,9.972138,0,922,1,3,0,57,3,0,52.63157895
22,rs34311866,chr4,951.179,971.021,19.842,10.37863,10.37863,0,489,1,6,0,58,0,0,0
23,rs4698412,chr4,15734.915,15737.937,3.022,471.1119,471.1119,0,47,3,2,1,15,2,0,33.33333333
24,rs34025766,chr4,17887.131,18024.122,136.991,537.3858,537.3858,0,1940,155,16,11,10,3,1,1.807228916
25,rs6825004,chr4,77097.337,77127.774,30.437,1459.143,1459.143,0,540,2,7,0,24,1,0,20.83333333
26,rs4101061,chr4,77130.93,77152.813,21.883,1460.732,1460.732,0,374,5,12,1,25,1,0,6.666666667
27,rs6854006,chr4,77185.29,77199.212,13.922,1461.467,1461.467,0,245,10,6,1,24,1,0,3.787878788
28,rs356182,chr4,90605.947,90626.111,20.164,1672.121,1672.412,0.291,266,1,2,0,19,1,0,52.63157895
29,rs5019538,chr4,90629.463,90637.603,8.14,1672.673,1672.673,0,152,27,0,0,19,0,0,0
30,rs13117519,chr4,114369.068,114373.068,4,2014.936,2014.936,0,73,1,2,1,18,2,0,55.55555556
31,rs62333164,chr4,170578.426,170626.551,48.125,2877.818,2877.818,0,708,2,8,0,14,0,0,0
32,rs1867598,chr5,60137.169,60145.009,7.84,1193.354,1193.354,0,106,3,0,0,12,0,0,0
33,rs26431,chr5,102339.109,102577.14,238.031,1798.04,1798.04,0,3628,295,33,13,7,4,0,1.85528757
34,rs11950533,chr5,134190.226,134309.117,118.891,2302.23,2302.23,0,1587,1,25,1,41,4,0,48.7804878
35,rs4140646,chr6,27710.166,27767.394,57.228,794.2166,794.2166,0,810,42,54,23,59,12,0,3.129074316
36,rs9261484,chr6,30087.777,30138.162,50.385,806.4035,806.4035,0,1154,134,114,73,101,28,1,1.339264361
37,rs112485576,chr6,32413.317,32586.018,172.701,830.0995,830.0995,0,6026,61,193,5,133,19,2,2.164502165
38,rs12528068,chr6,72472.756,72512.24,39.484,1405.411,1405.411,0,715,3,12,2,16,0,0,0
39,rs997368,chr6,112237.299,112250.112,12.813,1959.607,1959.607,0,188,3,5,1,20,1,0,12.5
40,rs75859381,chr6,133201.057,133228.837,27.78,2266.792,2266.792,0,497,3,5,0,25,0,0,0
41,rs199351,chr7,23286.315,23303.701,17.386,627.9247,627.9247,0,305,14,2,1,27,5,0,12.34567901
42,rs76949143,chr7,65995.444,66010.577,15.133,1302.173,1302.173,0,230,8,0,0,35,5,0,17.85714286
43,rs1293298,chr8,11705.677,11713.158,7.481,352.5215,352.5215,0,227,6,1,0,49,3,0,10.20408163
44,rs620513,chr8,16695.418,16704.1,8.682,450.9869,450.9869,0,257,22,9,1,20,2,0,4.347826087
45,rs2280104,chr8,22449.485,22544.159,94.674,626.1959,626.2469,0.051,1910,59,30,11,45,9,1,2.857142857
46,rs2086641,chr8,130876.435,130952.115,75.68,2326.114,2326.114,0,1250,7,4,1,8,0,0,0
47,rs13294100,chr9,17564.268,17598.287,34.019,574.926,574.926,0,702,8,10,1,6,2,0,37.03703704
48,rs10756907,chr9,17710.877,17727.576,16.699,580.2123,580.2123,0,393,6,8,1,8,2,0,35.71428571
49,rs6476434,chr9,33806.711,34053.816,247.105,933.9749,934.1295,0.1546,3628,41,25,3,73,11,1,3.424657534
50,rs896435,chr10,15546.831,15583.365,36.534,538.1877,538.1877,0,805,79,11,5,25,3,0,1.428571429
51,rs10748818,chr10,103987.877,104029.307,41.43,2005.632,2005.632,0,510,2,5,1,60,2,0,11.11111111
52,rs72840788,chr10,121411.862,121415.948,4.086,2323.659,2323.659,0,71,1,1,0,25,1,0,40
53,rs117896735,chr10,121530.721,121565.018,34.297,2324.63,2324.63,0,524,1,4,0,25,0,0,0
54,rs7938782,chr11,10539.274,10563.823,24.549,286.0345,286.0345,0,362,10,9,1,29,1,0,3.134796238
55,rs12283611,chr11,83484.477,83489.024,4.547,1473.356,1473.356,0,83,2,1,0,15,1,0,33.33333333
56,rs3802920,chr11,133778.102,133787.556,9.454,2585.328,2585.328,0,133,5,2,0,17,0,0,0
57,rs76904798,chr12,40610.866,40614.6,3.734,870.2301,870.2301,0,59,2,0,0,10,0,0,0
58,rs34637584,chr12,40732.393,40745.901,13.508,872.0639,872.0639,0,218,N/A,13,0,10,0,0,0
59,rs7134559,chr12,46416.569,46436.206,19.637,938.946,938.946,0,319,9,2,1,18,4,0,22.22222222
60,rs10847864,chr12,123303.589,123338.284,34.695,2307.769,2307.769,0,575,1,4,0,76,6,0,78.94736842
61,rs11610045,chr12,133060.555,133091.869,31.314,2726.2,2726.2,0,680,3,6,0,43,1,0,7.751937984
62,rs9568188,chr13,49908.874,49934.913,26.039,802.6253,802.6253,0,355,3,4,1,36,4,0,27.77777778
63,rs4771268,chr13,97863.804,97872.882,9.078,1478.774,1478.774,0,144,1,3,0,12,0,0,0
64,rs12147950,chr14,37989.108,38000.905,11.797,558.3716,558.3716,0,173,2,1,0,20,2,1,50
65,rs11158026,chr14,55320.562,55353.719,33.157,824.0391,824.0391,0,609,11,4,0,22,4,2,16.52892562
66,rs3742785,chr14,75224.63,75375.341,150.711,1117.906,1117.906,0,2119,10,37,2,65,8,0,10.25641026
67,rs979812,chr14,88450.005,88481.255,31.25,1368.833,1368.833,0,529,9,11,1,16,2,0,12.5
68,rs2251086,chr15,61994.587,61999.669,5.082,879.448,879.54,0.092,77,5,2,1,18,0,0,0
69,rs6497339,chr16,19277.493,19279.108,1.615,554.639,554.639,0,28,2,0,0,30,0,0,0
70,rs2904880,chr16,28903.655,28977.02,73.365,821.6068,821.6068,0,934,21,14,2,105,31,2,12.83643892
71,rs11150601,chr16,30968.589,31002.663,34.074,838.7192,838.7192,0,500,24,7,3,127,5,0,1.458151064
72,rs6500328,chr16,50725.194,50739.581,14.387,905.9991,905.9991,0,205,4,4,2,25,0,0,0
73,rs3104783,chr16,52625.554,52648.729,23.175,977.66,977.698,0.038,422,58,4,3,13,3,0,3.783102144
74,rs10221156,chr16,52957.3,52969.823,12.523,998.1876,998.1876,0,225,3,6,1,14,0,0,0
75,rs12600861,chr17,7350.05,7377.993,27.943,285.432,285.5447,0.1127,387,6,9,0,110,3,0,4.545454545
76,rs12951632,chr17,40735.47,40744.322,8.852,1021.51,1021.51,0,90,2,2,1,98,11,4,37.41496599
77,rs2269906,chr17,42294.337,42306.662,12.325,1035.24,1035.24,0,172,14,4,3,99,21,1,12.47771836
78,rs850738,chr17,42430.244,42437.681,7.437,1038.884,1038.968,0.084,94,2,0,0,90,2,0,11.11111111
79,rs62053943 & rs117615688,chr17,43740.565,43798.787,58.222,1047.971,1047.971,0,976,2,10,0,80,9,0,56.25
80,rs11658976,chr17,44866.727,44869.064,2.337,1049.297,1049.297,0,42,1,3,0,67,2,0,29.85074627
81,rs61169879,chr17,59911.476,59949.488,38.012,1322.63,1322.788,0.158,479,11,7,1,24,1,0,3.472222222
82,rs666463,chr17,76410.874,76437.343,26.469,1784.513,1784.513,0,740,98,8,4,44,15,1,3.342245989
83,rs1941685,chr18,31303.557,31322.539,18.982,817.8304,817.9406,0.1102,285,26,8,3,10,3,0,10.34482759
84,rs12456492,chr18,40672.963,40673.381,0.418,932.3248,932.424,0.0992,13,2,0,0,4,0,0,0
85,rs8087969,chr18,48680.705,48735.557,54.852,1099.847,1099.847,0,890,31,12,3,16,1,0,1.838235294
86,rs55818311,chr19,2334.866,2360.854,25.988,148.2688,148.2688,0,659,1,9,0,121,2,0,16.52892562
87,rs77351827,chr20,5996.559,6014.954,18.395,278.3851,278.3851,0,285,18,6,2,25,1,0,2
88,rs2248244,chr21,38823.259,38882.028,58.769,656.6957,656.6957,0,981,25,12,4,32,5,0,5.387931034
